STATION_NAME,ANNUAL_PATRONAGE,PRE_PEAK,AM_PEAK,INTERPEAK,PM_PEAK,POST_PEAK,WEEKDAY_ENTRIES,SAT_ENTRIES,SUN_ENTRIES,AVG_WEEKLY_ENTRIES,ACCESS_BUS,ACCESS_CAR,ACCESS_BIKE,ACCESS_OTHER,ACCESS_TRAIN,ACCESS_TRAM,ACCESS_WALK,PURPOSE_EDU,PURPOSE_NIL,PURPOSE_APTMNT,PURPOSE_SOCIAL,PURPOSE_TOURIST,PURPOSE_VISIT,PURPOSE_WORK
aircraft,0.2,106.9,332.24,130.37,120.32,20.17,710,330,240,4120,0.16,0.64,0,0,0,0,0.19,0.09,0,0.05,0.07,0,0.1,0.69
alamein,0.15,42.59,327.69,105.14,61.17,13.41,550,200,150,3100,0,0.11,0.01,0,0,0,0.88,0.31,0,0.07,0.09,0,0.02,0.51
albion,0.8,393.86,1730.51,572.45,308.6,74.58,3080,960,660,17020,0.07,0.56,0,0,0,0,0.37,0.25,0,0.03,0.09,0,0.04,0.58
alphington,0.27,49.52,554.63,181.45,153.72,30.68,970,430,290,5570,0,0.23,0,0,0,0,0.77,0.09,0,0.03,0.06,0,0.05,0.77
altona,0.31,132.88,442.01,217.26,152.24,55.62,1000,650,470,6120,0.13,0.29,0.01,0.01,0,0,0.56,0.13,0.01,0.08,0.16,0.01,0.03,0.59
anstey,0.37,92.56,575.96,269.92,202.57,68.98,1210,830,540,7420,0.03,0.09,0.04,0,0,0,0.84,0.1,0.02,0.07,0.09,0,0.06,0.66
armadale,0.61,85.33,953.29,438.97,480.29,112.12,2070,1240,780,12370,0,0.08,0,0.01,0,0.13,0.79,0.13,0,0.03,0.06,0,0.03,0.75
ascot vale,0.56,139.99,1136.1,373.15,232.49,68.27,1950,940,620,11310,0.02,0.26,0,0,0,0.08,0.64,0.12,0,0.05,0.07,0,0.06,0.7
ashburton,0.29,86.83,635.54,187.5,123.31,26.83,1060,350,240,5890,0.08,0.45,0.02,0,0.01,0,0.44,0.23,0.01,0.02,0.12,0,0.02,0.61
aspendale,0.23,69.18,463.92,146.11,105.86,24.93,810,400,260,4710,0,0.52,0.01,0,0,0,0.47,0.09,0,0.06,0.06,0,0.05,0.73
auburn,0.64,79.63,964.46,472.15,584.07,109.69,2210,1240,820,13110,0,0.09,0,0,0,0,0.91,0.11,0,0.04,0.04,0,0.04,0.76
balaclava,1.11,184.55,1673.54,785.9,755.41,250.61,3650,2200,1530,21980,0,0.07,0.01,0,0,0.1,0.82,0.18,0.01,0.05,0.07,0.01,0.06,0.62
batman,0.28,71.53,430.72,194.73,200.6,42.42,940,510,350,5560,0.06,0.13,0.02,0,0,0.01,0.78,0.18,0.01,0.02,0.07,0,0.04,0.68
bayswater,0.5,228.41,955.32,294.68,290.56,61.03,1830,680,460,10290,0.04,0.55,0.05,0,0.01,0,0.36,0.19,0.04,0.08,0.12,0,0,0.56
beaconsfield,0.21,193.26,367.53,119.19,147.03,13,840,200,130,4530,0.04,0.65,0.08,0,0,0,0.23,0.14,0.01,0.06,0.1,0,0.09,0.6
belgrave,0.36,175.03,473.36,257.06,284.57,29.98,1220,690,540,7330,0.16,0.39,0,0.01,0.04,0,0.4,0.28,0.01,0.06,0.19,0.07,0.08,0.32
bell,0.43,95.75,563.26,346.55,351.22,83.21,1440,890,630,8720,0.04,0.11,0.02,0.01,0,0,0.83,0.21,0,0.05,0.09,0.02,0.1,0.53
bentleigh,0.79,189.22,1171.25,655.3,470.87,123.36,2610,1560,1110,15720,0.1,0.25,0.01,0,0.04,0,0.6,0.12,0.03,0.03,0.14,0,0.09,0.59
berwick,0.83,615.61,1361.99,545.14,605.18,62.09,3190,900,590,17440,0.11,0.5,0,0.01,0.01,0,0.36,0.33,0,0.09,0.04,0,0.06,0.48
blackburn,1.41,360.29,2307.13,896.31,863.86,162.4,4590,2310,1600,26860,0.29,0.36,0,0,0.03,0,0.31,0.23,0.1,0.15,0.05,0.01,0.05,0.42
bonbeach,0.21,89.42,385.45,144.44,70.75,19.94,710,390,260,4200,0,0.35,0,0,0,0,0.65,0.16,0.03,0.04,0.1,0,0.04,0.63
boronia,0.63,311.46,1206.07,453.83,271.04,67.6,2310,970,650,13170,0.18,0.43,0.01,0,0.01,0,0.37,0.21,0,0.09,0.1,0.01,0.08,0.51
box hill,3.25,474.06,3324.38,3033.89,3707.21,630.45,11170,6250,4490,66590,0.26,0.14,0,0,0.1,0.03,0.47,0.21,0,0.05,0.12,0,0.08,0.54
brighton beach,0.5,131.87,847.18,284.64,300.84,65.48,1630,990,750,9890,0,0.67,0.04,0,0.01,0,0.28,0.17,0.02,0.02,0.14,0,0.05,0.6
broadmeadows,0.78,142.59,624.57,874.96,872.55,145.33,2660,1450,1040,15790,0.31,0.21,0,0.09,0.06,0,0.31,0.24,0.04,0.1,0.13,0.03,0.07,0.39
brunswick,0.35,54.26,414.07,264.29,322.02,95.37,1150,780,550,7080,0.04,0.07,0.03,0,0.01,0,0.86,0.15,0,0.05,0.12,0,0.09,0.58
burnley,0.72,74.15,926.39,421.66,830.66,207.14,2460,1480,1000,14780,0,0.04,0.02,0,0.22,0.07,0.64,0.16,0.04,0.01,0.2,0.01,0,0.59
burwood,0.35,71.19,807.91,214.53,188.99,27.37,1310,380,240,7170,0,0.42,0.01,0,0,0.14,0.43,0.21,0.02,0.08,0.05,0.03,0.02,0.59
camberwell,2,185.68,2186.57,1283.07,2626.62,458.06,6740,3390,3270,40360,0,0.13,0,0,0.2,0.08,0.59,0.18,0.03,0.04,0.02,0.01,0.03,0.68
canterbury,0.38,72.41,663.94,267.13,331.56,44.96,1380,570,400,7870,0,0.35,0.02,0,0.02,0,0.61,0.2,0,0.04,0.04,0,0.03,0.69
cardinia road,0.25,258.68,406.36,135.36,75.25,24.35,900,340,230,5070,0.01,0.51,0.02,0,0.01,0,0.45,0.35,0,0.09,0.04,0,0.04,0.48
carnegie,0.95,176.35,1521.97,747.48,474.01,220.2,3140,1960,1360,19020,0.09,0.18,0,0,0.01,0,0.72,0.2,0.01,0.03,0.12,0,0.05,0.58
carrum,0.44,234.67,719.44,301.52,182.96,41.41,1480,830,560,8790,0.03,0.48,0,0,0,0,0.49,0.13,0,0.2,0.07,0,0.01,0.59
caulfield,3.34,285.11,2633.56,2701.12,4375.81,1364.39,11360,6750,4630,68180,0.05,0.15,0.01,0,0.18,0.11,0.51,0.33,0,0.03,0.09,0,0.06,0.48
chatham,0.24,47.42,479.28,162.05,134.68,26.57,850,340,230,4820,0,0.31,0.02,0,0,0,0.67,0.28,0.01,0.02,0.08,0,0.01,0.6
chelsea,0.51,182.23,785.96,421.18,263.21,67.42,1720,980,680,10260,0.06,0.36,0.01,0.05,0.03,0,0.49,0.08,0.01,0.11,0.21,0,0.1,0.49
cheltenham,0.96,242.65,1477.46,638.41,709.77,171.71,3240,1790,1240,19230,0.08,0.26,0.03,0,0.02,0,0.6,0.16,0,0.11,0.15,0,0.02,0.57
clayton,1.5,284.67,1535.31,1378.45,1358.27,363.3,4920,3340,2330,30270,0.22,0.26,0.03,0.02,0.07,0,0.4,0.22,0.03,0.13,0.08,0,0.06,0.48
clifton hill,0.96,154.25,1318.39,663.71,666.11,237.53,3040,2290,1690,19180,0.01,0.14,0.02,0,0.38,0,0.45,0.13,0.01,0.07,0.1,0.02,0.05,0.62
coburg,0.65,166.59,925.33,573.22,402.17,102.68,2170,1320,880,13050,0.22,0.24,0,0,0.01,0.01,0.53,0.21,0.01,0.05,0.1,0,0.04,0.59
collingwood,0.38,32.31,317.6,263.02,647.64,99.43,1360,670,440,7910,0,0.02,0,0,0,0,0.98,0.2,0,0.04,0.13,0.01,0.13,0.48
coolaroo,0.24,74.27,499.89,223.36,72.9,19.58,890,310,230,4990,0,0,0,0,0,0,0,0,0,0,0,0,0,0
craigieburn,0.82,597.53,1391.31,538.02,259.29,73.85,2860,1400,950,16650,0.2,0.48,0,0,0.03,0,0.29,0.21,0.03,0.09,0.13,0,0.02,0.52
cranbourne,0.6,480.02,942.87,424.51,229.48,53.12,2130,900,630,12180,0.28,0.49,0,0.02,0,0,0.21,0.19,0,0.07,0.09,0,0.03,0.61
croxton,0.31,72.26,577.84,204.64,130.34,44.91,1030,610,400,6160,0.01,0.15,0.01,0,0,0,0.84,0.16,0,0.06,0.17,0,0.03,0.59
croydon,0.82,429.7,1471.59,606.47,421.09,71.14,3000,1240,760,17000,0.25,0.4,0,0,0.02,0,0.32,0.32,0,0.11,0.1,0,0.02,0.46
dandenong,2.39,545.44,2278.5,2237.67,2693.41,544.98,8300,4340,3010,48850,0.31,0.27,0.01,0.01,0.12,0,0.29,0.25,0.02,0.14,0.06,0,0.07,0.46
darebin,0.14,20.21,285.25,99.97,103.11,11.46,520,180,120,2900,0,0.48,0.02,0.01,0.01,0,0.48,0.05,0.02,0.05,0.09,0.01,0.31,0.47
darling,0.3,47.49,676.14,181.83,125.93,28.61,1060,430,290,6020,0,0.53,0,0,0,0,0.47,0.19,0.01,0.03,0.12,0,0.04,0.62
dennis,0.37,74.99,771.66,228.77,183.43,41.15,1300,600,400,7500,0.06,0.27,0.02,0,0,0,0.65,0.17,0,0.04,0.07,0.01,0.03,0.69
diamond creek,0.17,115.88,329.75,98.77,66.88,18.71,630,270,170,3590,0,0.34,0.03,0,0,0,0.64,0.3,0,0.1,0.13,0,0.06,0.42
diggers rest,0.07,42.04,155.43,43.99,14.77,3.77,260,70,50,1420,0,0,0,0,0,0,0,0,0,0,0,0,0,0
eaglemont,0.18,43.84,389.63,133.89,56.2,16.44,640,290,180,3670,0,0.46,0.01,0,0.01,0,0.52,0.16,0.01,0.07,0.06,0.02,0.1,0.58
east camberwell,0.25,27.94,404.27,194.29,351.89,21.61,1000,280,180,5460,0,0.2,0,0,0.06,0,0.74,0.13,0,0.13,0.13,0.02,0,0.59
east malvern,0.47,107.67,1181.69,232.32,148.04,30.27,1700,620,410,9530,0,0.84,0,0,0,0,0.16,0.18,0,0.02,0.04,0,0.06,0.7
east richmond,0.53,26.59,364.42,297.92,1079.13,211.94,1980,570,330,10800,0,0,0,0,0.06,0,0.93,0.1,0,0,0.13,0.01,0.04,0.72
edithvale,0.31,95.65,574.19,210.18,130.68,39.3,1050,590,390,6230,0.14,0.26,0.02,0,0,0,0.59,0.09,0.01,0.05,0.23,0,0.1,0.52
elsternwick,1.07,188.36,1740.05,742.58,733.75,245.26,3650,2040,1330,21620,0.05,0.23,0,0,0.02,0.19,0.51,0.14,0.03,0.07,0.08,0.01,0.02,0.65
eltham,0.58,289.61,1036.32,338.78,374.65,50.64,2090,880,570,11900,0.09,0.48,0,0,0.02,0,0.4,0.23,0,0.02,0.16,0,0.04,0.55
epping,0.72,332.18,939.08,570.14,649.16,99.45,2590,1180,780,14910,0.21,0.37,0.02,0.02,0.01,0,0.38,0.37,0,0.05,0.03,0,0.05,0.5
essendon,1.6,527.39,3082.37,997.03,903.87,169.35,5680,2480,1560,32440,0.36,0.29,0,0.01,0.01,0.15,0.19,0.27,0.01,0.06,0.13,0,0.03,0.5
fairfield,0.64,152.04,1175.2,428.45,334.37,89.93,2180,1180,780,12860,0.05,0.21,0.01,0,0,0,0.73,0.11,0,0.03,0.08,0,0.15,0.63
fawkner,0.19,72.82,304.54,142.89,102.79,26.97,650,350,250,3850,0.03,0.41,0.01,0.02,0.05,0,0.5,0.26,0.07,0.12,0.03,0,0.04,0.48
ferntree gully,0.43,236.92,924.33,249.99,183.54,35.22,1630,520,370,9040,0.1,0.55,0,0.02,0.01,0,0.32,0.22,0,0.12,0.08,0,0,0.58
flagstaff,4.58,49.05,652.41,2518.94,14548.2,1521.38,19290,0,0,96450,0,0,0,0,0.39,0.03,0.57,0.09,0.1,0.05,0.02,0,0.02,0.72
flemington bridge,0.23,40.94,261.39,188.33,186.11,53.22,730,560,370,4580,0,0.01,0,0,0,0.06,0.93,0.23,0.02,0.11,0.09,0,0.06,0.49
flinders street,27.96,664.66,4603.83,17900.9,53506.9,15413.7,92090,53680,41710,555840,0.01,0,0,0,0.32,0.14,0.53,0.18,0.01,0.1,0.08,0.02,0.07,0.54
footscray,3.77,451.86,3501.24,3887.66,3929.48,879.76,12650,7450,4990,75690,0.14,0.16,0.01,0,0.15,0.05,0.49,0.37,0.01,0.07,0.07,0.01,0.1,0.38
frankston,1.67,881.15,1712.04,1404.23,1098.11,184.48,5280,3810,2890,33100,0.25,0.41,0,0,0.06,0,0.28,0.19,0,0.13,0.2,0.01,0.06,0.41
gardenvale,0.47,62.42,857.01,342.84,335.45,72.28,1670,810,500,9660,0.12,0.11,0.01,0.02,0,0,0.74,0.16,0,0.08,0.11,0.01,0.04,0.61
gardiner,0.43,75.59,765.74,278.43,255.95,54.3,1430,800,560,8510,0,0.33,0,0,0,0.06,0.61,0.19,0.16,0.05,0.13,0,0.01,0.45
ginifer,0.57,182.21,999.82,561.79,284.22,61.96,2090,980,700,12130,0.13,0.36,0,0,0,0,0.51,0.27,0,0.03,0.17,0,0.04,0.49
glen iris,0.31,46.22,528.97,205.04,318.02,41.76,1140,500,330,6530,0.16,0.41,0,0,0.08,0.06,0.28,0.16,0.01,0.13,0.03,0.07,0.01,0.59
glen waverley,1.69,544.87,2735.76,1184.67,887.69,257.02,5610,3290,2580,33920,0.22,0.47,0.01,0,0.01,0,0.3,0.26,0.02,0.09,0.05,0,0.1,0.49
glenbervie,0.34,117.44,782.09,186.54,108.8,25.13,1220,470,310,6880,0.02,0.53,0,0.01,0,0,0.44,0.16,0,0.05,0.14,0,0.03,0.62
glenferrie,2.86,116.74,1699.53,2876.22,5134.55,1062.96,10890,3420,2420,60290,0,0.05,0.01,0,0.16,0.04,0.75,0.5,0.01,0.05,0.06,0,0.05,0.33
glenhuntly,0.98,165.63,1524.2,820.47,576.56,153.14,3240,2020,1450,19670,0,0.12,0.01,0,0,0.1,0.77,0.09,0,0.07,0.13,0,0.05,0.66
glenroy,1.1,398.41,1811.74,934.76,540.86,124.22,3810,1810,1260,22120,0.07,0.32,0,0.01,0.03,0,0.57,0.27,0,0.04,0.13,0,0.03,0.52
gowrie,0.17,55.47,199.5,169.18,100.12,25.73,550,380,260,3390,0.08,0.21,0.02,0.02,0.01,0,0.66,0.17,0.02,0.17,0.19,0.02,0.03,0.39
greensborough,0.76,453.91,1316.61,470.29,336.22,72.97,2650,1330,850,15430,0.26,0.44,0.01,0.01,0,0,0.27,0.2,0.03,0.03,0.07,0,0.06,0.61
hallam,0.61,440.98,1200.37,333.4,286.44,48.8,2310,660,440,12650,0.14,0.62,0,0.04,0.04,0,0.15,0.3,0.09,0.07,0.02,0,0.02,0.5
hampton,0.45,75.92,797.75,324.23,247.51,74.58,1520,850,550,9000,0.07,0.23,0.03,0,0.02,0,0.65,0.18,0,0.04,0.15,0.01,0,0.62
hartwell,0.21,35.8,468.27,131.43,94.16,20.34,750,270,180,4200,0,0.12,0,0,0.01,0.02,0.85,0.3,0.01,0.05,0.07,0,0,0.56
hawksburn,0.51,81.64,850.94,350.54,298.12,98.76,1680,1070,690,10160,0,0.2,0.01,0,0,0,0.8,0.1,0,0.04,0.21,0,0,0.65
hawthorn,0.68,68.39,1008.79,456,807.52,109.29,2450,1010,680,13940,0,0.13,0.01,0,0.02,0.17,0.66,0.18,0.09,0.04,0.07,0,0.04,0.58
heatherdale,0.56,298.82,1377.97,280.6,210.56,32.06,2200,560,390,11950,0.1,0.54,0,0,0.01,0,0.35,0.15,0,0.02,0.04,0.01,0.02,0.76
heathmont,0.24,89.67,536.49,142.49,142.07,19.28,930,300,190,5140,0.01,0.34,0.02,0,0,0,0.63,0.1,0,0.08,0.15,0,0.03,0.64
heidelberg,0.9,195.77,1031.23,674.53,1170.82,147.65,3220,1290,920,18310,0.08,0.25,0.01,0,0,0,0.66,0.11,0.02,0.04,0.11,0.01,0.12,0.59
heyington,0.21,12.85,215.95,161.16,444.84,25.2,860,220,130,4650,0,0.06,0,0,0.04,0,0.9,0.04,0.16,0,0.02,0,0.03,0.74
highett,0.45,97.38,716.41,325.9,322.18,78.13,1540,870,580,9150,0.1,0.22,0.01,0.01,0,0,0.67,0.17,0.02,0.11,0.12,0,0.05,0.52
holmesglen,0.66,133.06,899.57,606.99,554.53,125.85,2320,1110,800,13510,0.12,0.22,0,0,0.07,0,0.59,0.37,0,0.07,0.06,0.02,0.01,0.47
hoppers crossing,1.36,804.02,2555.45,933.74,605.01,101.78,5000,1700,1130,27830,0.37,0.45,0.01,0.01,0,0,0.16,0.19,0.03,0.06,0.03,0,0.06,0.63
hughesdale,0.55,102.23,926.22,417.64,339.67,84.24,1870,990,680,11020,0.1,0.24,0.01,0,0.01,0,0.64,0.24,0,0.05,0.1,0,0.06,0.54
huntingdale,1.67,391.46,2259.53,1333.77,1980.63,294.62,6260,1950,1260,34510,0.49,0.35,0.03,0,0,0,0.13,0.33,0,0.05,0.05,0,0.02,0.55
hurstbridge,0.13,83.77,272.21,72.81,35.05,6.17,470,200,160,2710,0,0.61,0.02,0.01,0,0,0.37,0.26,0,0.02,0.08,0,0.03,0.62
ivanhoe,0.84,244.83,1572.32,501.47,582.47,98.91,3000,1300,820,17120,0.1,0.25,0.01,0,0.01,0,0.63,0.25,0,0.06,0.12,0,0.03,0.53
jacana,0.08,28.87,84.59,78.58,43.02,14.94,250,200,160,1610,0,0.1,0.01,0.02,0.06,0,0.81,0.28,0,0.12,0.14,0,0.16,0.3
jewell,0.42,61.34,451.92,340.19,425.37,111.18,1390,890,670,8510,0,0.06,0.01,0,0.02,0,0.91,0.31,0,0.05,0.12,0.01,0.05,0.47
jolimont-mcg,0.8,26.4,212.24,328.32,967.46,515.58,2050,2640,2000,14890,0,0,0.06,0,0.02,0.21,0.7,0.03,0,0.11,0.07,0.01,0.14,0.64
jordanville,0.32,83.53,627.82,214.46,139.69,34.5,1100,600,430,6530,0.11,0.38,0,0.01,0,0,0.5,0.17,0.02,0.05,0.06,0.01,0.06,0.63
kananook,0.33,182.65,552.49,258.81,164.92,31.13,1190,500,340,6790,0.17,0.45,0.02,0,0.01,0,0.34,0.15,0,0.13,0.1,0.01,0.07,0.54
keilor plains,0.56,290.97,1201.78,404.21,157.9,45.14,2100,760,560,11820,0.23,0.39,0.01,0.04,0,0,0.32,0.3,0,0.04,0.07,0,0.02,0.56
kensington,0.55,95.04,912.93,414.89,330.77,86.36,1840,1120,740,11060,0.11,0.12,0,0,0,0,0.76,0.11,0.02,0.03,0.13,0,0.01,0.71
keon park,0.29,77.27,389.26,229.84,282.95,50.69,1030,480,320,5950,0.3,0.32,0.01,0,0.01,0,0.37,0.2,0,0.04,0.08,0,0,0.67
kooyong,0.32,29.11,391.17,269.59,404.24,55.89,1150,500,280,6530,0,0.15,0.02,0,0.05,0.05,0.73,0.42,0.07,0.05,0.05,0.01,0.03,0.36
laburnum,0.35,80.18,627.66,240.9,316.68,34.59,1300,510,340,7350,0,0.26,0,0.02,0.05,0,0.68,0.27,0.18,0.04,0.08,0.01,0.04,0.4
lalor,0.49,286.67,997.52,315.8,148.43,31.58,1780,660,440,10000,0.14,0.55,0,0,0,0,0.3,0.25,0,0.06,0.11,0,0.04,0.54
laverton,1.5,887.43,3030.24,931.61,515.29,115.43,5480,1730,1210,30340,0.19,0.65,0.02,0.01,0.01,0,0.12,0.28,0.01,0.05,0.03,0,0.02,0.61
lilydale,0.67,354.35,989.81,511.69,427.99,66.15,2350,1190,860,13800,0.23,0.51,0.02,0,0.02,0,0.22,0.28,0,0.1,0.07,0,0.09,0.47
lynbrook,0.34,218.69,758.48,191.96,84.29,16.57,1270,370,260,6980,0.07,0.39,0,0,0.02,0,0.53,0.31,0,0.05,0.04,0,0.01,0.58
macaulay,0.2,22.71,150.29,158,288.45,50.54,670,370,250,3970,0,0,0,0,0,0,1,0.18,0,0.09,0.08,0,0.22,0.43
macleod,0.5,168.78,899.37,355.23,324.85,51.77,1800,800,530,10330,0.07,0.26,0,0,0.01,0,0.65,0.18,0,0.19,0.04,0,0.02,0.57
malvern,1.08,149.14,1373.26,849.8,1009.23,298.57,3680,2080,1410,21890,0,0.12,0,0,0,0.11,0.77,0.08,0,0.08,0.04,0,0.09,0.71
mckinnon,0.46,103.22,909.46,317.88,235.46,53.98,1620,740,500,9340,0.05,0.24,0.01,0,0,0,0.71,0.2,0.01,0.03,0.05,0,0.07,0.63
melbourne central,15.93,153.65,1398.9,10799.81,32171.29,10506.35,55030,26950,20610,322710,0,0,0,0,0.03,0.13,0.83,0.32,0.03,0.04,0.11,0.01,0.05,0.45
mentone,0.9,207.97,1253.31,646.44,1048.86,123.43,3280,1420,950,18770,0.23,0,0,0,0,0,0.77,0,0,0,0.62,0,0.38,0
merinda park,0.31,240.55,639.87,178.57,80.6,20.41,1160,370,260,6430,0.02,0.73,0.02,0,0.03,0,0.2,0.22,0,0.08,0.12,0.01,0.01,0.57
merlynston,0.36,129.3,655.3,283.24,146.87,35.3,1250,620,440,7310,0.03,0.43,0,0,0,0,0.54,0.21,0,0.09,0.08,0.01,0.02,0.59
merri,0.18,24.34,259.57,131.72,169.12,35.24,620,320,210,3630,0,0.03,0,0,0.01,0,0.96,0.08,0,0.03,0.15,0,0.08,0.65
middle brighton,0.66,87.9,1030.4,473.39,496.27,152.05,2240,1270,870,13340,0.06,0.25,0.01,0.05,0,0,0.63,0.15,0.02,0.04,0.06,0.01,0.03,0.68
middle footscray,0.19,40.14,326.07,179.34,124.77,39.69,710,370,250,4170,0.03,0.02,0,0,0.02,0,0.93,0.19,0.03,0.07,0.05,0,0.04,0.62
mitcham,0.93,338.01,1969.92,599.23,574.08,88.76,3570,1230,840,19920,0.19,0.53,0.03,0,0.01,0,0.24,0.21,0.05,0.07,0.02,0.01,0,0.64
mont albert,0.32,60.47,684.79,236.41,133.31,35.02,1150,480,320,6550,0,0.3,0.01,0.01,0,0,0.68,0.17,0,0.07,0.06,0.02,0,0.68
montmorency,0.29,146.12,603.83,159.11,101.7,19.23,1030,440,290,5880,0.01,0.49,0.02,0.02,0,0,0.47,0.13,0.02,0.15,0.09,0,0.04,0.58
moonee ponds,0.78,152.39,1133.8,606.11,659.47,158.23,2710,1420,870,15840,0.07,0.18,0.01,0,0.02,0.01,0.72,0.11,0.16,0.02,0.14,0,0.05,0.51
moorabbin,0.55,105.37,547.52,527.17,624.05,105.88,1910,1030,680,11260,0.15,0.25,0.05,0.02,0.02,0,0.52,0.24,0.03,0.05,0.08,0,0.07,0.53
mooroolbark,0.64,423.66,1273.32,395.03,232.19,45.8,2370,920,580,13350,0.02,0.63,0.02,0.02,0,0,0.31,0.26,0,0.13,0.06,0.03,0.05,0.48
mordialloc,0.68,207.13,1074.46,463.87,451.61,102.94,2300,1330,930,13760,0.07,0.37,0.01,0,0,0,0.55,0.16,0,0.15,0.25,0,0.04,0.41
moreland,0.34,79.28,511.59,273.09,202.62,63.43,1130,680,470,6800,0.02,0.14,0.03,0.01,0,0.05,0.75,0.16,0,0.06,0.11,0.04,0.01,0.62
mount waverley,0.69,184.82,1156.29,481.03,510.39,67.48,2400,1220,880,14100,0.07,0.5,0,0.03,0.01,0,0.39,0.24,0.03,0.08,0.13,0,0.05,0.47
murrumbeena,0.8,208.11,1603.15,560.66,302.68,85.39,2760,1390,940,16130,0.03,0.31,0,0,0,0,0.66,0.13,0,0.06,0.11,0,0.07,0.63
narre warren,0.79,580.71,1370.97,470.42,308.24,99.66,2830,1100,770,16020,0.2,0.57,0.01,0.02,0.02,0,0.19,0.35,0,0.08,0.04,0,0,0.54
newmarket,0.85,147.76,1431.17,636.45,487.92,176.7,2880,1660,1130,17190,0,0.08,0.01,0,0.01,0.08,0.82,0.16,0,0.06,0.03,0,0.1,0.64
newport,1.16,318.62,2153.47,808.97,607.59,171.34,4060,1920,1280,23500,0.06,0.46,0.02,0,0.09,0,0.37,0.21,0.05,0.03,0.05,0.01,0.03,0.62
noble park,1.06,407.59,1518.55,940.67,769.6,153.59,3790,1690,1210,21850,0.05,0.31,0,0,0.03,0,0.61,0.17,0,0.04,0.3,0,0.08,0.41
north brighton,0.65,102.7,1148.58,461.01,432.04,125.67,2270,1140,730,13220,0.06,0.3,0.02,0.06,0,0,0.57,0.13,0,0.07,0.05,0,0.07,0.68
north melbourne,1.48,90.59,681.08,1077.17,2832.33,388.83,5070,2570,1810,29730,0.12,0.02,0.01,0,0.71,0,0.13,0.24,0.01,0.08,0.05,0,0.07,0.55
north richmond,0.77,63.24,458.13,551.86,1133.02,323.75,2530,1560,1250,15460,0,0.03,0.01,0,0.06,0.23,0.67,0.15,0,0.05,0.09,0.01,0.08,0.62
north williamstown,0.32,101.66,546.14,251.98,182.23,37.98,1120,480,330,6410,0.05,0.18,0,0,0,0,0.77,0.24,0.03,0.03,0.21,0.01,0.02,0.46
northcote,0.33,47.22,426.86,245.96,302.72,77.25,1100,690,460,6650,0.05,0.06,0,0,0.02,0,0.86,0.1,0,0.04,0.44,0,0.01,0.4
nunawading,1,288.71,1889.69,726.43,666.49,138.68,3710,1520,1090,21160,0.21,0.34,0,0,0,0,0.44,0.16,0.01,0.09,0.04,0,0.02,0.68
oak park,0.45,151.86,881.74,330.06,166.13,40.21,1570,740,510,9100,0.01,0.31,0,0,0,0,0.67,0.15,0,0.12,0.05,0,0.03,0.65
oakleigh,2.04,488.41,2459.68,1503.48,1892.77,435.66,6780,3920,2860,40680,0.23,0.25,0.02,0,0,0,0.49,0.21,0.04,0.04,0.15,0,0.09,0.47
officer,0.02,12.75,30.64,11.71,13.62,1.28,70,20,20,390,0,0.67,0,0,0.03,0,0.3,0.13,0.02,0,0.1,0,0.11,0.65
ormond,0.81,151.85,1335.13,607.94,547.8,137.28,2780,1460,990,16350,0.1,0.21,0.02,0,0.01,0,0.66,0.15,0.02,0.06,0.07,0,0.04,0.67
pakenham,0.56,461.17,698.3,375.66,306.63,68.24,1910,1040,740,11330,0.06,0.62,0.03,0,0.04,0,0.25,0.2,0,0.05,0.07,0,0.13,0.54
parkdale,0.39,82.67,653.62,285.64,315.78,42.28,1380,670,430,8000,0.16,0.29,0.01,0,0.02,0,0.51,0.23,0,0.02,0.05,0,0.01,0.68
parliament,10.96,115.16,1241.44,5846.17,30599.13,4588.1,42390,7930,5910,225790,0,0.02,0,0,0.08,0.13,0.77,0.07,0.01,0.05,0.02,0,0.02,0.84
pascoe vale,0.52,174.63,1113.89,323.34,169.79,48.35,1830,820,540,10510,0,0.32,0.03,0,0.01,0,0.64,0.21,0.01,0.03,0.07,0.01,0.02,0.65
patterson,0.21,55.79,340.01,156.48,183.85,23.87,760,360,230,4390,0,0.18,0.04,0,0,0,0.79,0.14,0,0.1,0.16,0,0.05,0.55
prahran,1.29,102.61,1147.4,944.06,1905.01,430.93,4530,2200,1380,26230,0.01,0.01,0,0,0.01,0.03,0.94,0.14,0,0.06,0.33,0,0.02,0.46
preston,0.86,172.72,897.41,871.32,715.8,182.75,2840,2010,1140,17350,0.06,0.23,0,0,0.02,0.01,0.67,0.23,0,0.11,0.06,0,0.04,0.55
regent,0.45,171.48,864.9,286.66,180.75,46.21,1550,780,520,9050,0.09,0.25,0,0,0,0,0.66,0.14,0,0.07,0.08,0,0.02,0.69
reservoir,1.18,446.46,1848.07,913.38,649.14,152.95,4010,2150,1470,23670,0.18,0.37,0.01,0,0.01,0,0.44,0.25,0.04,0.05,0.09,0,0.04,0.54
richmond,3.34,164.05,1660.21,1588.34,3700.5,2256.9,9370,9900,6720,63470,0.02,0.02,0.02,0,0.61,0.12,0.22,0.15,0.03,0.14,0.06,0,0.07,0.55
ringwood,1.63,483.19,2127.74,1426.6,1421.9,270.57,5730,3090,2110,33850,0.26,0.42,0,0.03,0.03,0,0.26,0.31,0.08,0.1,0.05,0,0.04,0.42
ringwood east,0.4,167.8,924.41,257.81,182.88,27.1,1560,450,280,8530,0.01,0.51,0,0,0.01,0,0.46,0.25,0.05,0.02,0.07,0.01,0.04,0.55
ripponlea,0.73,119.78,1333.93,506.16,411.94,118.2,2490,1360,890,14700,0.01,0.14,0,0,0,0,0.85,0.22,0.03,0.02,0.15,0,0.01,0.56
riversdale,0.23,43.31,515.93,137.02,250.35,13.38,960,160,100,5060,0,0.31,0,0,0.08,0.19,0.42,0.23,0.01,0.01,0.03,0.03,0.14,0.56
rosanna,0.53,204.44,1120.69,330,198.16,36.72,1890,830,540,10820,0.1,0.51,0,0.02,0,0,0.36,0.25,0,0.05,0.05,0,0.02,0.63
roxburgh park,0.45,181.37,903.79,305.87,194.89,44.09,1630,610,410,9170,0.25,0.57,0.01,0,0.03,0,0.14,0.32,0,0.07,0.06,0,0.04,0.51
royal park,0.31,23.06,165.57,267.97,380.64,42.77,880,750,620,5770,0.04,0.02,0,0,0,0.17,0.77,0.19,0.01,0.08,0.18,0,0.01,0.53
rushall,0.15,18.61,191.65,122.82,138.04,28.88,500,300,210,3010,0.03,0.02,0.07,0,0.03,0,0.86,0.29,0,0.02,0.08,0,0.19,0.42
ruthven,0.21,81.09,347.87,160.77,68.43,21.83,680,420,300,4120,0,0.37,0.02,0,0,0,0.61,0.18,0,0.01,0.11,0,0.05,0.64
sandown park,0.53,193.47,1140.09,359.47,164,42.96,1900,700,540,10740,0,0.73,0,0,0,0,0.27,0.29,0.01,0.07,0.06,0,0.02,0.56
sandringham,0.68,171.36,1203.5,460.17,343.84,101.13,2280,1380,910,13690,0.1,0.46,0.05,0,0.01,0,0.39,0.21,0,0.03,0.08,0.02,0.05,0.61
seaford,0.45,327.94,754.7,258.55,162.67,36.13,1540,780,530,9010,0.03,0.55,0.03,0,0.02,0,0.37,0.09,0,0.04,0.17,0,0.04,0.66
seaholme,0.1,37.56,201.4,63.43,33.03,14.59,350,190,130,2070,0.02,0.26,0.04,0,0,0,0.68,0.27,0.01,0.05,0.1,0,0.06,0.52
seddon,0.46,114.72,910.12,330.48,186.67,58.01,1600,760,500,9260,0.01,0.12,0.01,0,0,0,0.86,0.14,0.02,0.07,0.07,0,0.02,0.69
south morang,0.93,681.52,1561.65,532.58,383.06,91.19,3250,1620,1050,18920,0.17,0.62,0,0,0,0,0.2,0.24,0,0.04,0.1,0,0.05,0.57
south kensington,0.34,50.02,559.23,264.6,217.28,48.87,1140,610,410,6720,0,0.16,0.02,0,0,0,0.81,0.15,0,0.08,0.01,0,0.04,0.72
south yarra,3.94,295.33,3671.43,2725.58,5344.12,1393.54,13430,7800,5260,80210,0,0.04,0.02,0,0.4,0.09,0.45,0.19,0.01,0.09,0.11,0,0.07,0.54
southern cross,17.09,453.76,3200.1,8707.53,40403.33,7255.28,60020,24460,19640,344200,0.04,0.01,0,0.01,0.17,0.06,0.71,0.1,0.02,0.03,0.07,0.01,0.07,0.71
spotswood,0.28,68.38,410.08,227.25,188.66,35.63,930,520,350,5520,0,0.32,0.02,0.01,0,0,0.65,0.13,0.01,0.03,0.15,0,0.04,0.64
springvale,1.39,273.42,1595.87,1429.25,1138.28,253.17,4690,2890,2190,28530,0.43,0.27,0,0,0.07,0,0.22,0.3,0.01,0.02,0.07,0,0.13,0.46
st albans,1,307.09,1290.48,1173.73,691.01,127.69,3590,1690,1200,20840,0.11,0.29,0,0.01,0,0,0.59,0.46,0.01,0.04,0.04,0,0.04,0.41
strathmore,0.36,102.07,763.14,228.04,203.65,43.1,1340,500,310,7510,0,0.52,0,0,0,0,0.47,0.17,0,0.03,0.02,0,0.03,0.75
sunbury,0.62,536.29,1040.17,398.62,271.08,53.84,2300,980,650,13130,0,0,0,0,0,0,0,0,0,0,0,0,0,0
sunshine,1.6,396.56,2391.81,1784.24,1271.77,225.61,6070,2650,1910,34910,0.18,0.37,0.02,0,0.05,0,0.39,0.25,0.01,0.04,0.05,0,0.01,0.63
surrey hills,0.82,247.14,1833.58,410.38,394.55,74.35,2960,1110,750,16660,0.02,0.48,0,0,0.02,0,0.48,0.15,0,0.03,0.06,0,0.02,0.73
syndal,0.69,272.24,1372.67,387.02,333,65.06,2430,1050,740,13940,0.1,0.35,0,0,0.03,0,0.52,0.23,0,0.04,0.09,0,0.03,0.6
tecoma,0.07,26.41,128.34,45.5,23.35,6.4,230,110,80,1340,0.01,0.46,0,0,0.04,0,0.49,0.12,0.04,0.14,0.11,0,0.05,0.55
thomastown,0.79,346.91,1293.49,641.23,359.16,89.21,2730,1470,980,16100,0.14,0.5,0,0,0,0,0.36,0.22,0,0.09,0.1,0,0.1,0.48
thornbury,0.47,116.66,809.48,341.72,242.31,69.82,1580,940,600,9440,0.02,0.1,0.05,0.03,0,0.16,0.64,0.13,0,0.05,0.1,0,0.08,0.63
toorak,0.45,61.08,695.11,323.73,424.28,85.8,1590,820,510,9280,0.01,0.11,0,0,0.01,0.13,0.74,0.11,0,0,0.05,0,0.04,0.8
tooronga,0.65,92.78,990.65,402.65,744.96,108.96,2340,980,600,13280,0,0.19,0,0,0.01,0,0.79,0.1,0.16,0.05,0.1,0,0.2,0.38
tottenham,0.41,118.89,694.74,371.05,278.18,67.14,1530,690,520,8860,0,0.34,0.02,0,0.04,0,0.6,0.25,0.03,0.03,0.07,0.01,0.06,0.56
upfield,0.26,68.11,284.58,230.53,264.86,41.91,890,460,330,5240,0.13,0.28,0.09,0.05,0,0,0.46,0.44,0,0.07,0.13,0,0,0.35
upper ferntree gully,0.25,129.08,451.74,154.19,118.41,26.58,880,390,290,5080,0.15,0.46,0,0.03,0.06,0,0.31,0.29,0.01,0.16,0.08,0.02,0.03,0.41
upwey,0.15,74.65,246.95,114.62,98.22,15.55,550,230,140,3120,0.17,0.29,0,0,0.01,0,0.53,0.19,0,0.19,0.04,0,0.19,0.39
victoria park,0.59,48.16,500.14,381.57,891.65,198.48,2020,1050,740,11890,0.01,0.03,0,0,0.04,0,0.92,0.18,0.01,0.05,0.09,0.01,0.06,0.6
watergardens,1.35,653.63,2802.05,992.81,511.99,119.53,5080,1790,1250,28440,0.2,0.52,0,0,0.05,0,0.23,0.24,0.01,0.03,0.09,0.01,0.08,0.54
watsonia,0.67,407.37,1409.8,300.85,230.73,41.24,2390,1010,650,13610,0.04,0.59,0,0,0,0,0.37,0.17,0,0.05,0.1,0,0.07,0.61
wattle glen,0.05,29.03,118.38,20,10.08,2.51,180,60,40,1000,0,0.41,0,0.08,0.01,0,0.51,0.42,0,0.13,0.04,0,0.01,0.41
werribee,1.36,906.08,2346.02,949.82,595.04,113.03,4910,1870,1270,27690,0.2,0.52,0,0,0.02,0,0.27,0.26,0.02,0.08,0.06,0.01,0.03,0.55
west footscray,0.45,121.43,987.56,336.2,225.74,59.07,1730,690,470,9810,0.01,0.3,0.01,0,0,0,0.68,0.13,0,0.12,0.04,0,0.04,0.67
west richmond,0.4,39.8,362.73,313.6,503.75,140.12,1360,750,490,8040,0,0.02,0,0,0,0,0.98,0.06,0,0.25,0.15,0,0.12,0.42
westall,0.59,181.14,803.52,445.81,461.18,88.35,1980,1310,870,12080,0,0.37,0,0,0.03,0,0.61,0.26,0.01,0.03,0.05,0,0.06,0.59
westgarth,0.3,53.64,552.1,185.9,163.38,54.99,1010,560,370,5980,0.1,0.11,0,0,0,0.01,0.78,0.2,0.01,0.22,0.04,0,0.06,0.47
westona,0.23,96.29,378.11,144.81,185.65,25.14,830,330,240,4720,0.03,0.27,0.11,0,0.01,0,0.58,0.11,0,0.17,0.2,0,0.02,0.49
williams landing,0.81,388.5,1739.39,523.75,256.07,52.29,2960,1050,700,16550,0,0,0,0,0,0,0,0,0,0,0,0,0,0
williamstown,0.16,25.57,190.19,134.15,137.77,32.32,520,340,290,3230,0,0.08,0.02,0,0.01,0,0.89,0.08,0,0.03,0.19,0.03,0.01,0.66
williamstown beach,0.16,38.29,261.02,136.99,112.3,21.39,570,270,200,3320,0,0.07,0,0,0,0,0.92,0.25,0,0.07,0.09,0,0.15,0.44
willison,0.09,26.93,211.22,54.61,31.79,5.45,330,100,60,1810,0,0.12,0,0,0.01,0,0.87,0.15,0.02,0.1,0.03,0.02,0,0.67
windsor,1.05,140.97,1521.38,682.51,1027.47,317.68,3690,1920,1220,21590,0.01,0.02,0.02,0,0.03,0.16,0.77,0.05,0,0.13,0.07,0,0.04,0.72
yarraman,0.28,102.01,450.98,263.09,162.43,31.48,1010,410,310,5770,0.02,0.46,0.02,0.01,0.03,0,0.46,0.37,0.01,0.07,0.09,0,0.01,0.45
yarraville,0.91,186.24,1565.87,684.52,444.01,169.36,3050,1690,1150,18090,0.1,0.18,0.02,0,0,0,0.7,0.16,0.01,0.03,0.15,0.01,0.05,0.61
